id,subscription_start,subscription_end,segment
1,12/1/2016,2/1/2017,87
2,12/1/2016,1/24/2017,87
3,12/1/2016,3/7/2017,87
4,12/1/2016,2/12/2017,87
5,12/1/2016,3/9/2017,87
6,12/1/2016,1/19/2017,87
7,12/1/2016,2/3/2017,87
8,12/1/2016,3/2/2017,87
9,12/1/2016,2/17/2017,87
10,12/1/2016,1/1/2017,87
11,12/1/2016,1/17/2017,87
12,12/1/2016,2/7/2017,87
13,12/1/2016,,30
14,12/1/2016,3/7/2017,30
15,12/1/2016,2/22/2017,30
16,12/1/2016,,30
17,12/1/2016,,30
18,12/2/2016,1/29/2017,87
19,12/2/2016,1/13/2017,87
20,12/2/2016,1/15/2017,87
21,12/2/2016,1/15/2017,87
22,12/2/2016,1/24/2017,87
23,12/2/2016,1/14/2017,87
24,12/2/2016,1/18/2017,87
25,12/2/2016,2/24/2017,87
26,12/2/2016,1/18/2017,87
27,12/2/2016,1/11/2017,87
28,12/2/2016,3/30/2017,30
29,12/2/2016,2/11/2017,30
30,12/2/2016,1/20/2017,30
31,12/2/2016,,30
32,12/2/2016,1/11/2017,30
33,12/2/2016,,30
34,12/2/2016,2/6/2017,30
35,12/3/2016,2/17/2017,87
36,12/3/2016,3/6/2017,87
37,12/3/2016,3/8/2017,87
38,12/3/2016,2/28/2017,87
39,12/3/2016,,30
40,12/3/2016,,30
41,12/3/2016,,30
42,12/3/2016,3/29/2017,30
43,12/3/2016,,30
44,12/4/2016,3/11/2017,87
45,12/4/2016,2/2/2017,87
46,12/4/2016,2/18/2017,87
47,12/4/2016,2/6/2017,87
48,12/4/2016,3/12/2017,87
49,12/4/2016,3/6/2017,87
50,12/4/2016,2/15/2017,87
51,12/4/2016,1/6/2017,87
52,12/4/2016,2/21/2017,87
53,12/4/2016,1/31/2017,87
54,12/4/2016,3/8/2017,87
55,12/4/2016,2/21/2017,87
56,12/4/2016,,30
57,12/4/2016,,30
58,12/4/2016,,30
59,12/4/2016,,30
60,12/4/2016,,30
61,12/4/2016,,30
62,12/4/2016,3/11/2017,30
63,12/4/2016,1/14/2017,30
64,12/4/2016,,30
65,12/4/2016,,30
66,12/4/2016,,30
67,12/4/2016,,30
68,12/5/2016,1/13/2017,87
69,12/5/2016,2/15/2017,87
70,12/5/2016,3/12/2017,87
71,12/5/2016,1/13/2017,87
72,12/5/2016,1/29/2017,87
73,12/5/2016,1/20/2017,87
74,12/5/2016,1/9/2017,87
75,12/5/2016,2/25/2017,87
76,12/5/2016,1/28/2017,87
77,12/5/2016,2/9/2017,87
78,12/5/2016,1/23/2017,87
79,12/5/2016,1/27/2017,87
80,12/5/2016,1/11/2017,87
81,12/5/2016,,30
82,12/5/2016,,30
83,12/5/2016,,30
84,12/5/2016,,30
85,12/5/2016,,30
86,12/5/2016,1/17/2017,30
87,12/5/2016,,30
88,12/5/2016,3/26/2017,30
89,12/5/2016,,30
90,12/6/2016,2/25/2017,87
91,12/6/2016,3/14/2017,87
92,12/6/2016,2/22/2017,87
93,12/6/2016,2/5/2017,87
94,12/6/2016,1/28/2017,87
95,12/6/2016,2/3/2017,87
96,12/6/2016,2/20/2017,87
97,12/6/2016,3/12/2017,87
98,12/6/2016,3/5/2017,87
99,12/6/2016,,30
100,12/6/2016,3/11/2017,30
101,12/6/2016,1/30/2017,30
102,12/6/2016,1/25/2017,30
103,12/6/2016,,30
104,12/6/2016,2/23/2017,30
105,12/6/2016,,30
106,12/6/2016,3/30/2017,30
107,12/6/2016,,30
108,12/6/2016,2/26/2017,30
109,12/6/2016,1/24/2017,30
110,12/7/2016,2/19/2017,87
111,12/7/2016,1/8/2017,87
112,12/7/2016,1/28/2017,87
113,12/7/2016,3/17/2017,87
114,12/7/2016,2/26/2017,87
115,12/7/2016,2/27/2017,87
116,12/7/2016,2/25/2017,87
117,12/7/2016,2/1/2017,87
118,12/7/2016,3/3/2017,87
119,12/7/2016,1/17/2017,87
120,12/7/2016,2/26/2017,30
121,12/7/2016,2/11/2017,30
122,12/7/2016,,30
123,12/7/2016,,30
124,12/7/2016,,30
125,12/7/2016,,30
126,12/7/2016,,30
127,12/7/2016,,30
128,12/7/2016,2/4/2017,30
129,12/7/2016,,30
130,12/7/2016,,30
131,12/8/2016,2/15/2017,87
132,12/8/2016,1/10/2017,87
133,12/8/2016,3/4/2017,87
134,12/8/2016,2/21/2017,87
135,12/8/2016,3/17/2017,87
136,12/8/2016,3/17/2017,87
137,12/8/2016,3/16/2017,87
138,12/8/2016,1/29/2017,87
139,12/8/2016,3/13/2017,30
140,12/8/2016,1/23/2017,30
141,12/8/2016,,30
142,12/8/2016,3/24/2017,30
143,12/8/2016,3/6/2017,30
144,12/8/2016,,30
145,12/8/2016,3/1/2017,30
146,12/8/2016,2/16/2017,30
147,12/9/2016,3/5/2017,87
148,12/9/2016,3/8/2017,87
149,12/9/2016,1/9/2017,87
150,12/9/2016,3/19/2017,87
151,12/9/2016,3/3/2017,87
152,12/9/2016,1/21/2017,87
153,12/9/2016,,30
154,12/9/2016,,30
155,12/9/2016,2/4/2017,30
156,12/9/2016,,30
157,12/9/2016,2/25/2017,30
158,12/9/2016,,30
159,12/9/2016,,30
160,12/9/2016,3/27/2017,30
161,12/9/2016,,30
162,12/9/2016,,30
163,12/9/2016,,30
164,12/9/2016,,30
165,12/9/2016,,30
166,12/9/2016,,30
167,12/9/2016,1/19/2017,30
168,12/9/2016,1/13/2017,30
169,12/10/2016,1/20/2017,87
170,12/10/2016,3/16/2017,87
171,12/10/2016,3/17/2017,87
172,12/10/2016,1/26/2017,87
173,12/10/2016,1/18/2017,87
174,12/10/2016,1/15/2017,87
175,12/10/2016,1/25/2017,87
176,12/10/2016,1/14/2017,87
177,12/10/2016,1/11/2017,87
178,12/10/2016,3/10/2017,87
179,12/10/2016,1/28/2017,30
180,12/10/2016,,30
181,12/10/2016,2/20/2017,30
182,12/10/2016,,30
183,12/10/2016,,30
184,12/10/2016,,30
185,12/10/2016,,30
186,12/10/2016,,30
187,12/10/2016,,30
188,12/10/2016,,30
189,12/10/2016,,30
190,12/11/2016,2/17/2017,87
191,12/11/2016,2/3/2017,87
192,12/11/2016,3/4/2017,87
193,12/11/2016,2/4/2017,87
194,12/11/2016,1/25/2017,87
195,12/11/2016,3/19/2017,87
196,12/11/2016,2/2/2017,87
197,12/11/2016,3/11/2017,87
198,12/11/2016,1/31/2017,87
199,12/11/2016,1/21/2017,87
200,12/11/2016,3/6/2017,87
201,12/11/2016,,30
202,12/11/2016,3/20/2017,30
203,12/11/2016,,30
204,12/11/2016,,30
205,12/12/2016,2/1/2017,87
206,12/12/2016,1/19/2017,87
207,12/12/2016,2/16/2017,87
208,12/12/2016,2/25/2017,87
209,12/12/2016,3/8/2017,87
210,12/12/2016,3/4/2017,87
211,12/12/2016,2/27/2017,87
212,12/12/2016,,30
213,12/12/2016,,30
214,12/12/2016,,30
215,12/12/2016,,30
216,12/12/2016,,30
217,12/12/2016,,30
218,12/12/2016,,30
219,12/12/2016,1/29/2017,30
220,12/12/2016,,30
221,12/13/2016,2/3/2017,87
222,12/13/2016,1/19/2017,87
223,12/13/2016,2/22/2017,87
224,12/13/2016,3/17/2017,87
225,12/13/2016,2/22/2017,87
226,12/13/2016,3/21/2017,87
227,12/13/2016,1/24/2017,87
228,12/13/2016,1/30/2017,87
229,12/13/2016,,30
230,12/13/2016,2/27/2017,30
231,12/13/2016,1/17/2017,30
232,12/13/2016,1/30/2017,30
233,12/13/2016,,30
234,12/13/2016,,30
235,12/13/2016,2/17/2017,30
236,12/13/2016,,30
237,12/13/2016,,30
238,12/13/2016,,30
239,12/13/2016,,30
240,12/13/2016,1/21/2017,30
241,12/14/2016,2/13/2017,87
242,12/14/2016,2/22/2017,87
243,12/14/2016,2/17/2017,87
244,12/14/2016,3/24/2017,87
245,12/14/2016,3/19/2017,87
246,12/14/2016,,30
247,12/14/2016,,30
248,12/14/2016,,30
249,12/14/2016,,30
250,12/14/2016,,30
251,12/14/2016,,30
252,12/15/2016,3/23/2017,87
253,12/15/2016,1/17/2017,87
254,12/15/2016,1/31/2017,87
255,12/15/2016,2/22/2017,87
256,12/15/2016,2/5/2017,87
257,12/15/2016,1/19/2017,87
258,12/15/2016,3/7/2017,87
259,12/15/2016,1/23/2017,87
260,12/15/2016,1/23/2017,87
261,12/15/2016,3/20/2017,87
262,12/15/2016,3/3/2017,87
263,12/15/2016,,30
264,12/15/2016,2/11/2017,30
265,12/15/2016,3/4/2017,30
266,12/15/2016,,30
267,12/15/2016,3/4/2017,30
268,12/15/2016,,30
269,12/15/2016,,30
270,12/15/2016,,30
271,12/16/2016,3/23/2017,87
272,12/16/2016,3/17/2017,87
273,12/16/2016,1/28/2017,87
274,12/16/2016,3/23/2017,87
275,12/16/2016,1/19/2017,87
276,12/16/2016,1/20/2017,87
277,12/16/2016,3/6/2017,87
278,12/16/2016,2/10/2017,87
279,12/16/2016,3/20/2017,87
280,12/16/2016,2/28/2017,87
281,12/16/2016,,30
282,12/16/2016,,30
283,12/16/2016,,30
284,12/16/2016,,30
285,12/16/2016,,30
286,12/16/2016,,30
287,12/16/2016,2/10/2017,30
288,12/16/2016,,30
289,12/16/2016,3/15/2017,30
290,12/16/2016,,30
291,12/16/2016,,30
292,12/16/2016,,30
293,12/16/2016,,30
294,12/17/2016,3/17/2017,87
295,12/17/2016,2/19/2017,87
296,12/17/2016,3/5/2017,87
297,12/17/2016,1/25/2017,87
298,12/17/2016,2/22/2017,87
299,12/17/2016,2/14/2017,87
300,12/17/2016,1/25/2017,87
301,12/17/2016,,30
302,12/17/2016,,30
303,12/17/2016,,30
304,12/17/2016,,30
305,12/17/2016,,30
306,12/17/2016,,30
307,12/17/2016,,30
308,12/17/2016,,30
309,12/17/2016,3/9/2017,30
310,12/17/2016,,30
311,12/17/2016,,30
312,12/18/2016,1/26/2017,87
313,12/18/2016,3/13/2017,87
314,12/18/2016,2/8/2017,87
315,12/18/2016,2/15/2017,87
316,12/18/2016,2/26/2017,87
317,12/18/2016,3/21/2017,87
318,12/18/2016,2/18/2017,87
319,12/18/2016,2/10/2017,87
320,12/18/2016,3/23/2017,87
321,12/18/2016,2/15/2017,87
322,12/18/2016,,30
323,12/18/2016,,30
324,12/18/2016,,30
325,12/18/2016,,30
326,12/18/2016,,30
327,12/18/2016,1/21/2017,30
328,12/18/2016,,30
329,12/18/2016,,30
330,12/18/2016,3/25/2017,30
331,12/19/2016,2/5/2017,87
332,12/19/2016,1/31/2017,87
333,12/19/2016,1/30/2017,87
334,12/19/2016,2/24/2017,87
335,12/19/2016,2/15/2017,87
336,12/19/2016,3/2/2017,87
337,12/19/2016,1/20/2017,87
338,12/19/2016,2/16/2017,87
339,12/19/2016,2/8/2017,87
340,12/19/2016,2/26/2017,87
341,12/19/2016,3/24/2017,87
342,12/19/2016,3/4/2017,87
343,12/19/2016,3/15/2017,87
344,12/19/2016,3/2/2017,87
345,12/19/2016,3/20/2017,30
346,12/19/2016,1/31/2017,30
347,12/19/2016,2/22/2017,30
348,12/19/2016,3/5/2017,30
349,12/19/2016,3/25/2017,30
350,12/20/2016,2/7/2017,87
351,12/20/2016,2/14/2017,87
352,12/20/2016,1/27/2017,87
353,12/20/2016,3/25/2017,87
354,12/20/2016,1/21/2017,87
355,12/20/2016,1/20/2017,87
356,12/20/2016,,30
357,12/20/2016,2/3/2017,30
358,12/20/2016,,30
359,12/20/2016,3/15/2017,30
360,12/20/2016,1/24/2017,30
361,12/20/2016,,30
362,12/20/2016,,30
363,12/20/2016,,30
364,12/21/2016,2/2/2017,87
365,12/21/2016,2/13/2017,87
366,12/21/2016,2/18/2017,87
367,12/21/2016,2/6/2017,87
368,12/21/2016,2/23/2017,87
369,12/21/2016,3/1/2017,87
370,12/21/2016,3/2/2017,87
371,12/21/2016,3/1/2017,87
372,12/21/2016,3/26/2017,87
373,12/21/2016,2/13/2017,87
374,12/21/2016,,30
375,12/21/2016,,30
376,12/21/2016,,30
377,12/21/2016,2/19/2017,30
378,12/21/2016,3/31/2017,30
379,12/21/2016,2/25/2017,30
380,12/21/2016,,30
381,12/21/2016,3/1/2017,30
382,12/22/2016,2/8/2017,87
383,12/22/2016,3/27/2017,87
384,12/22/2016,2/23/2017,87
385,12/22/2016,2/9/2017,87
386,12/22/2016,3/3/2017,87
387,12/22/2016,1/31/2017,87
388,12/22/2016,1/24/2017,87
389,12/22/2016,2/4/2017,87
390,12/22/2016,3/12/2017,87
391,12/22/2016,2/19/2017,87
392,12/22/2016,3/18/2017,87
393,12/22/2016,2/11/2017,30
394,12/22/2016,,30
395,12/22/2016,3/9/2017,30
396,12/22/2016,,30
397,12/22/2016,,30
398,12/22/2016,,30
399,12/22/2016,,30
400,12/22/2016,1/22/2017,30
401,12/22/2016,,30
402,12/23/2016,2/7/2017,87
403,12/23/2016,3/16/2017,87
404,12/23/2016,3/8/2017,87
405,12/23/2016,3/1/2017,87
406,12/23/2016,2/16/2017,87
407,12/23/2016,3/23/2017,87
408,12/23/2016,2/21/2017,87
409,12/23/2016,2/23/2017,87
410,12/23/2016,2/7/2017,87
411,12/23/2016,2/9/2017,87
412,12/23/2016,1/24/2017,87
413,12/23/2016,,30
414,12/23/2016,,30
415,12/23/2016,,30
416,12/23/2016,,30
417,12/23/2016,,30
418,12/23/2016,,30
419,12/23/2016,,30
420,12/23/2016,2/22/2017,30
421,12/23/2016,,30
422,12/23/2016,,30
423,12/23/2016,,30
424,12/23/2016,,30
425,12/24/2016,1/28/2017,87
426,12/24/2016,3/31/2017,87
427,12/24/2016,3/9/2017,87
428,12/24/2016,1/28/2017,87
429,12/24/2016,3/31/2017,87
430,12/24/2016,3/13/2017,87
431,12/24/2016,,30
432,12/24/2016,,30
433,12/24/2016,3/20/2017,30
434,12/24/2016,,30
435,12/24/2016,,30
436,12/24/2016,3/23/2017,30
437,12/24/2016,,30
438,12/24/2016,,30
439,12/25/2016,,87
440,12/25/2016,3/23/2017,87
441,12/25/2016,3/31/2017,87
442,12/25/2016,2/27/2017,87
443,12/25/2016,2/16/2017,87
444,12/25/2016,,30
445,12/25/2016,2/10/2017,30
446,12/25/2016,2/23/2017,30
447,12/25/2016,,30
448,12/25/2016,3/7/2017,30
449,12/26/2016,3/23/2017,87
450,12/26/2016,3/26/2017,87
451,12/26/2016,3/17/2017,87
452,12/26/2016,,87
453,12/26/2016,,87
454,12/26/2016,2/1/2017,87
455,12/26/2016,2/21/2017,87
456,12/26/2016,3/22/2017,87
457,12/26/2016,3/9/2017,87
458,12/26/2016,3/21/2017,87
459,12/26/2016,2/28/2017,30
460,12/26/2016,,30
461,12/26/2016,,30
462,12/26/2016,3/17/2017,30
463,12/26/2016,3/10/2017,30
464,12/26/2016,,30
465,12/26/2016,,30
466,12/26/2016,,30
467,12/26/2016,,30
468,12/27/2016,2/25/2017,87
469,12/27/2016,3/10/2017,87
470,12/27/2016,3/6/2017,87
471,12/27/2016,1/29/2017,87
472,12/27/2016,3/4/2017,87
473,12/27/2016,1/27/2017,87
474,12/27/2016,3/14/2017,87
475,12/27/2016,3/8/2017,87
476,12/27/2016,3/14/2017,30
477,12/27/2016,1/29/2017,30
478,12/27/2016,,30
479,12/27/2016,,30
480,12/27/2016,3/30/2017,30
481,12/27/2016,,30
482,12/27/2016,,30
483,12/27/2016,,30
484,12/27/2016,,30
485,12/27/2016,,30
486,12/27/2016,3/7/2017,30
487,12/28/2016,,87
488,12/28/2016,3/24/2017,87
489,12/28/2016,3/12/2017,87
490,12/28/2016,,87
491,12/28/2016,2/26/2017,87
492,12/28/2016,3/9/2017,87
493,12/28/2016,3/25/2017,87
494,12/28/2016,2/7/2017,87
495,12/28/2016,,30
496,12/28/2016,,30
497,12/28/2016,,30
498,12/28/2016,2/12/2017,30
499,12/28/2016,,30
500,12/28/2016,,30
501,12/28/2016,,30
502,12/28/2016,3/29/2017,30
503,12/29/2016,2/9/2017,87
504,12/29/2016,2/7/2017,87
505,12/29/2016,3/18/2017,87
506,12/29/2016,2/24/2017,87
507,12/29/2016,,87
508,12/29/2016,3/27/2017,87
509,12/29/2016,,87
510,12/29/2016,3/29/2017,87
511,12/29/2016,2/27/2017,87
512,12/29/2016,2/14/2017,87
513,12/29/2016,2/24/2017,30
514,12/29/2016,,30
515,12/29/2016,,30
516,12/29/2016,,30
517,12/29/2016,,30
518,12/29/2016,,30
519,12/29/2016,2/10/2017,30
520,12/29/2016,,30
521,12/29/2016,,30
522,12/29/2016,1/29/2017,30
523,12/29/2016,,30
524,12/30/2016,3/28/2017,87
525,12/30/2016,2/23/2017,87
526,12/30/2016,2/6/2017,87
527,12/30/2016,3/12/2017,87
528,12/30/2016,2/4/2017,87
529,12/30/2016,3/10/2017,87
530,12/30/2016,3/6/2017,87
531,12/30/2016,,30
532,12/30/2016,,30
533,12/30/2016,,30
534,12/30/2016,,30
535,12/30/2016,,30
536,12/30/2016,,30
537,12/30/2016,,30
538,12/30/2016,,30
539,12/30/2016,,30
540,12/30/2016,,30
541,12/30/2016,3/3/2017,30
542,12/30/2016,1/30/2017,30
543,12/31/2016,3/13/2017,87
544,12/31/2016,3/19/2017,87
545,12/31/2016,3/12/2017,87
546,12/31/2016,3/17/2017,87
547,12/31/2016,,87
548,12/31/2016,2/1/2017,87
549,12/31/2016,2/4/2017,87
550,12/31/2016,2/10/2017,87
551,12/31/2016,,87
552,12/31/2016,2/2/2017,87
553,12/31/2016,,30
554,12/31/2016,,30
555,12/31/2016,3/5/2017,30
556,12/31/2016,,30
557,12/31/2016,,30
558,12/31/2016,,30
559,12/31/2016,,30
560,12/31/2016,,30
561,12/31/2016,,30
562,12/31/2016,,30
563,12/31/2016,3/2/2017,30
564,12/31/2016,2/23/2017,30
565,12/31/2016,,30
566,12/31/2016,,30
567,12/31/2016,2/13/2017,30
568,12/31/2016,,30
569,12/31/2016,,30
570,12/31/2016,,30
571,1/1/2017,3/24/2017,87
572,1/1/2017,3/18/2017,87
573,1/1/2017,3/2/2017,87
574,1/1/2017,2/18/2017,87
575,1/1/2017,2/14/2017,87
576,1/1/2017,3/28/2017,87
577,1/1/2017,3/13/2017,30
578,1/1/2017,,30
579,1/1/2017,,30
580,1/1/2017,,30
581,1/1/2017,3/13/2017,30
582,1/1/2017,,30
583,1/2/2017,3/17/2017,87
584,1/2/2017,2/4/2017,87
585,1/2/2017,2/16/2017,87
586,1/2/2017,3/6/2017,87
587,1/2/2017,,87
588,1/2/2017,,30
589,1/2/2017,,30
590,1/2/2017,,30
591,1/2/2017,,30
592,1/2/2017,,30
593,1/2/2017,,30
594,1/2/2017,,30
595,1/2/2017,,30
596,1/2/2017,,30
597,1/2/2017,3/29/2017,30
598,1/3/2017,2/21/2017,87
599,1/3/2017,2/20/2017,87
600,1/3/2017,3/19/2017,87
601,1/3/2017,3/14/2017,87
602,1/3/2017,2/18/2017,87
603,1/3/2017,,87
604,1/3/2017,2/28/2017,87
605,1/3/2017,2/20/2017,30
606,1/3/2017,,30
607,1/3/2017,3/7/2017,30
608,1/3/2017,,30
609,1/3/2017,,30
610,1/3/2017,,30
611,1/3/2017,,30
612,1/3/2017,2/24/2017,30
613,1/3/2017,,30
614,1/3/2017,,30
615,1/4/2017,3/12/2017,87
616,1/4/2017,3/27/2017,87
617,1/4/2017,2/27/2017,87
618,1/4/2017,3/22/2017,87
619,1/4/2017,,87
620,1/4/2017,2/12/2017,87
621,1/4/2017,2/15/2017,87
622,1/4/2017,2/12/2017,87
623,1/4/2017,,87
624,1/4/2017,2/9/2017,87
625,1/4/2017,3/20/2017,87
626,1/4/2017,2/12/2017,30
627,1/4/2017,,30
628,1/4/2017,3/8/2017,30
629,1/4/2017,,30
630,1/4/2017,,30
631,1/4/2017,,30
632,1/4/2017,3/15/2017,30
633,1/4/2017,,30
634,1/4/2017,,30
635,1/4/2017,,30
636,1/4/2017,,30
637,1/4/2017,,30
638,1/5/2017,2/10/2017,87
639,1/5/2017,3/5/2017,87
640,1/5/2017,2/23/2017,87
641,1/5/2017,,87
642,1/5/2017,2/20/2017,87
643,1/5/2017,3/30/2017,87
644,1/5/2017,,30
645,1/5/2017,,30
646,1/5/2017,,30
647,1/6/2017,3/31/2017,87
648,1/6/2017,2/10/2017,87
649,1/6/2017,3/4/2017,87
650,1/6/2017,3/1/2017,87
651,1/6/2017,3/18/2017,87
652,1/6/2017,3/9/2017,87
653,1/6/2017,2/16/2017,87
654,1/6/2017,2/25/2017,87
655,1/6/2017,3/16/2017,87
656,1/6/2017,3/4/2017,87
657,1/6/2017,,30
658,1/6/2017,,30
659,1/6/2017,3/30/2017,30
660,1/6/2017,,30
661,1/6/2017,,30
662,1/6/2017,3/16/2017,30
663,1/6/2017,,30
664,1/6/2017,,30
665,1/7/2017,,87
666,1/7/2017,3/14/2017,87
667,1/7/2017,,87
668,1/7/2017,3/3/2017,87
669,1/7/2017,,87
670,1/7/2017,3/18/2017,87
671,1/7/2017,,30
672,1/7/2017,,30
673,1/7/2017,,30
674,1/8/2017,3/11/2017,87
675,1/8/2017,,87
676,1/8/2017,3/10/2017,87
677,1/8/2017,3/24/2017,87
678,1/8/2017,,87
679,1/8/2017,3/21/2017,87
680,1/8/2017,,87
681,1/8/2017,3/8/2017,87
682,1/8/2017,,87
683,1/8/2017,,87
684,1/8/2017,,30
685,1/8/2017,,30
686,1/8/2017,2/12/2017,30
687,1/8/2017,3/2/2017,30
688,1/8/2017,3/31/2017,30
689,1/8/2017,,30
690,1/9/2017,2/28/2017,87
691,1/9/2017,3/21/2017,87
692,1/9/2017,,87
693,1/9/2017,3/5/2017,87
694,1/9/2017,,87
695,1/9/2017,2/20/2017,87
696,1/9/2017,2/17/2017,87
697,1/9/2017,,30
698,1/9/2017,,30
699,1/9/2017,,30
700,1/9/2017,,30
701,1/9/2017,,30
702,1/10/2017,3/3/2017,87
703,1/10/2017,3/28/2017,87
704,1/10/2017,2/23/2017,87
705,1/10/2017,3/4/2017,87
706,1/10/2017,3/6/2017,87
707,1/10/2017,3/1/2017,87
708,1/10/2017,2/22/2017,87
709,1/10/2017,2/19/2017,87
710,1/10/2017,3/7/2017,87
711,1/10/2017,,30
712,1/10/2017,,30
713,1/10/2017,,30
714,1/10/2017,,30
715,1/10/2017,,30
716,1/10/2017,,30
717,1/10/2017,,30
718,1/10/2017,3/6/2017,30
719,1/11/2017,3/9/2017,87
720,1/11/2017,,87
721,1/11/2017,3/11/2017,87
722,1/11/2017,,87
723,1/11/2017,3/3/2017,87
724,1/11/2017,,30
725,1/11/2017,,30
726,1/11/2017,,30
727,1/11/2017,,30
728,1/11/2017,,30
729,1/11/2017,,30
730,1/11/2017,,30
731,1/12/2017,3/4/2017,87
732,1/12/2017,,87
733,1/12/2017,2/24/2017,87
734,1/12/2017,3/11/2017,87
735,1/12/2017,,87
736,1/12/2017,,87
737,1/12/2017,,87
738,1/12/2017,,87
739,1/12/2017,2/26/2017,87
740,1/12/2017,2/21/2017,87
741,1/12/2017,3/11/2017,87
742,1/12/2017,,30
743,1/12/2017,,30
744,1/12/2017,,30
745,1/12/2017,3/22/2017,30
746,1/12/2017,,30
747,1/12/2017,,30
748,1/12/2017,,30
749,1/12/2017,,30
750,1/12/2017,,30
751,1/12/2017,3/27/2017,30
752,1/12/2017,,30
753,1/12/2017,3/4/2017,30
754,1/12/2017,,30
755,1/12/2017,,30
756,1/12/2017,,30
757,1/13/2017,3/9/2017,87
758,1/13/2017,2/17/2017,87
759,1/13/2017,2/18/2017,87
760,1/13/2017,,87
761,1/13/2017,3/28/2017,87
762,1/13/2017,3/27/2017,87
763,1/13/2017,,87
764,1/13/2017,2/24/2017,87
765,1/13/2017,3/26/2017,87
766,1/13/2017,2/17/2017,87
767,1/13/2017,3/18/2017,87
768,1/13/2017,,87
769,1/13/2017,,87
770,1/13/2017,,30
771,1/13/2017,,30
772,1/13/2017,,30
773,1/13/2017,,30
774,1/13/2017,,30
775,1/13/2017,,30
776,1/13/2017,3/26/2017,30
777,1/13/2017,,30
778,1/13/2017,,30
779,1/13/2017,,30
780,1/13/2017,,30
781,1/13/2017,,30
782,1/14/2017,,87
783,1/14/2017,2/14/2017,87
784,1/14/2017,3/16/2017,87
785,1/14/2017,,87
786,1/14/2017,3/15/2017,87
787,1/14/2017,3/9/2017,87
788,1/14/2017,2/18/2017,87
789,1/14/2017,,87
790,1/14/2017,2/26/2017,87
791,1/14/2017,,87
792,1/14/2017,,87
793,1/14/2017,,30
794,1/14/2017,2/27/2017,30
795,1/14/2017,,30
796,1/14/2017,,30
797,1/14/2017,,30
798,1/15/2017,3/30/2017,87
799,1/15/2017,3/12/2017,87
800,1/15/2017,3/23/2017,87
801,1/15/2017,2/18/2017,87
802,1/15/2017,3/10/2017,87
803,1/15/2017,3/14/2017,87
804,1/15/2017,,87
805,1/15/2017,,87
806,1/15/2017,,30
807,1/15/2017,,30
808,1/15/2017,,30
809,1/15/2017,,30
810,1/15/2017,,30
811,1/15/2017,,30
812,1/15/2017,,30
813,1/15/2017,,30
814,1/15/2017,3/17/2017,30
815,1/15/2017,,30
816,1/16/2017,2/24/2017,87
817,1/16/2017,,87
818,1/16/2017,2/23/2017,87
819,1/16/2017,3/24/2017,87
820,1/16/2017,2/16/2017,87
821,1/16/2017,2/25/2017,87
822,1/16/2017,,87
823,1/16/2017,3/1/2017,87
824,1/16/2017,3/15/2017,87
825,1/16/2017,2/20/2017,87
826,1/16/2017,,30
827,1/16/2017,,30
828,1/16/2017,,30
829,1/16/2017,,30
830,1/16/2017,,30
831,1/16/2017,,30
832,1/16/2017,,30
833,1/16/2017,,30
834,1/16/2017,,30
835,1/16/2017,,30
836,1/16/2017,,30
837,1/17/2017,2/21/2017,87
838,1/17/2017,3/2/2017,87
839,1/17/2017,3/31/2017,87
840,1/17/2017,2/19/2017,87
841,1/17/2017,3/1/2017,87
842,1/17/2017,3/10/2017,87
843,1/17/2017,,87
844,1/17/2017,3/27/2017,87
845,1/17/2017,3/15/2017,87
846,1/17/2017,,30
847,1/17/2017,,30
848,1/17/2017,,30
849,1/17/2017,,30
850,1/17/2017,,30
851,1/17/2017,,30
852,1/17/2017,,30
853,1/17/2017,2/17/2017,30
854,1/17/2017,,30
855,1/18/2017,,87
856,1/18/2017,,87
857,1/18/2017,,87
858,1/18/2017,,87
859,1/18/2017,,30
860,1/18/2017,,30
861,1/18/2017,3/15/2017,30
862,1/18/2017,,30
863,1/18/2017,,30
864,1/18/2017,,30
865,1/18/2017,,30
866,1/18/2017,,30
867,1/19/2017,,87
868,1/19/2017,,87
869,1/19/2017,3/23/2017,87
870,1/19/2017,,87
871,1/19/2017,3/4/2017,87
872,1/19/2017,2/28/2017,87
873,1/19/2017,,87
874,1/19/2017,,30
875,1/19/2017,3/14/2017,30
876,1/19/2017,,30
877,1/19/2017,3/10/2017,30
878,1/19/2017,,30
879,1/20/2017,,87
880,1/20/2017,3/19/2017,87
881,1/20/2017,3/22/2017,87
882,1/20/2017,,87
883,1/20/2017,3/1/2017,87
884,1/20/2017,,87
885,1/20/2017,,87
886,1/20/2017,,87
887,1/20/2017,,30
888,1/20/2017,,30
889,1/20/2017,,30
890,1/20/2017,,30
891,1/20/2017,3/7/2017,30
892,1/20/2017,,30
893,1/20/2017,3/13/2017,30
894,1/20/2017,,30
895,1/20/2017,3/27/2017,30
896,1/20/2017,,30
897,1/20/2017,,30
898,1/21/2017,3/9/2017,87
899,1/21/2017,3/16/2017,87
900,1/21/2017,,87
901,1/21/2017,3/18/2017,87
902,1/21/2017,2/24/2017,87
903,1/21/2017,,87
904,1/21/2017,3/21/2017,87
905,1/21/2017,,30
906,1/21/2017,2/22/2017,30
907,1/21/2017,,30
908,1/21/2017,,30
909,1/21/2017,3/15/2017,30
910,1/21/2017,,30
911,1/21/2017,3/13/2017,30
912,1/22/2017,2/27/2017,87
913,1/22/2017,,87
914,1/22/2017,3/3/2017,87
915,1/22/2017,3/21/2017,87
916,1/22/2017,2/24/2017,87
917,1/22/2017,3/12/2017,87
918,1/22/2017,,87
919,1/22/2017,,30
920,1/22/2017,,30
921,1/22/2017,,30
922,1/22/2017,,30
923,1/22/2017,,30
924,1/23/2017,,87
925,1/23/2017,3/23/2017,87
926,1/23/2017,3/5/2017,87
927,1/23/2017,3/19/2017,87
928,1/23/2017,3/10/2017,87
929,1/23/2017,3/10/2017,87
930,1/23/2017,3/14/2017,87
931,1/23/2017,,30
932,1/23/2017,3/8/2017,30
933,1/23/2017,,30
934,1/23/2017,3/12/2017,30
935,1/23/2017,,30
936,1/24/2017,,87
937,1/24/2017,,87
938,1/24/2017,,87
939,1/24/2017,3/16/2017,87
940,1/24/2017,2/27/2017,87
941,1/24/2017,3/20/2017,87
942,1/24/2017,,87
943,1/24/2017,,87
944,1/24/2017,,87
945,1/24/2017,3/28/2017,87
946,1/24/2017,,87
947,1/24/2017,3/17/2017,87
948,1/24/2017,3/13/2017,87
949,1/24/2017,,87
950,1/24/2017,3/15/2017,87
951,1/24/2017,3/23/2017,30
952,1/24/2017,,30
953,1/24/2017,3/15/2017,30
954,1/24/2017,,30
955,1/24/2017,,30
956,1/24/2017,,30
957,1/24/2017,,30
958,1/24/2017,,30
959,1/25/2017,3/8/2017,87
960,1/25/2017,,87
961,1/25/2017,3/11/2017,87
962,1/25/2017,,87
963,1/25/2017,,87
964,1/25/2017,3/20/2017,87
965,1/25/2017,,87
966,1/25/2017,,87
967,1/25/2017,,87
968,1/25/2017,3/18/2017,87
969,1/25/2017,3/1/2017,87
970,1/25/2017,,87
971,1/25/2017,,30
972,1/25/2017,,30
973,1/25/2017,,30
974,1/25/2017,,30
975,1/25/2017,,30
976,1/25/2017,,30
977,1/25/2017,,30
978,1/26/2017,3/23/2017,87
979,1/26/2017,,87
980,1/26/2017,,87
981,1/26/2017,3/20/2017,87
982,1/26/2017,,87
983,1/26/2017,3/21/2017,87
984,1/26/2017,3/25/2017,87
985,1/26/2017,,87
986,1/26/2017,,30
987,1/26/2017,,30
988,1/26/2017,,30
989,1/26/2017,,30
990,1/26/2017,,30
991,1/26/2017,2/26/2017,30
992,1/26/2017,,30
993,1/26/2017,,30
994,1/26/2017,,30
995,1/26/2017,,30
996,1/26/2017,,30
997,1/26/2017,,30
998,1/26/2017,,30
999,1/26/2017,3/5/2017,30
1000,1/26/2017,,30
1001,1/27/2017,,87
1002,1/27/2017,3/20/2017,87
1003,1/27/2017,3/15/2017,87
1004,1/27/2017,,87
1005,1/27/2017,,87
1006,1/27/2017,3/23/2017,87
1007,1/27/2017,,87
1008,1/27/2017,,30
1009,1/27/2017,,30
1010,1/27/2017,,30
1011,1/27/2017,,30
1012,1/27/2017,,30
1013,1/27/2017,3/9/2017,30
1014,1/27/2017,,30
1015,1/27/2017,,30
1016,1/28/2017,3/13/2017,87
1017,1/28/2017,,87
1018,1/28/2017,3/7/2017,87
1019,1/28/2017,,87
1020,1/28/2017,3/1/2017,87
1021,1/28/2017,,87
1022,1/28/2017,3/28/2017,87
1023,1/28/2017,3/30/2017,87
1024,1/28/2017,3/16/2017,87
1025,1/28/2017,,87
1026,1/28/2017,3/12/2017,87
1027,1/28/2017,,30
1028,1/28/2017,,30
1029,1/28/2017,,30
1030,1/28/2017,,30
1031,1/28/2017,,30
1032,1/28/2017,,30
1033,1/28/2017,,30
1034,1/28/2017,,30
1035,1/29/2017,3/8/2017,87
1036,1/29/2017,,87
1037,1/29/2017,,87
1038,1/29/2017,3/8/2017,87
1039,1/29/2017,3/14/2017,87
1040,1/29/2017,,87
1041,1/29/2017,,87
1042,1/29/2017,3/20/2017,87
1043,1/29/2017,,87
1044,1/29/2017,,30
1045,1/29/2017,,30
1046,1/29/2017,3/12/2017,30
1047,1/29/2017,,30
1048,1/29/2017,,30
1049,1/29/2017,,30
1050,1/29/2017,,30
1051,1/29/2017,,30
1052,1/29/2017,,30
1053,1/29/2017,,30
1054,1/29/2017,,30
1055,1/30/2017,3/19/2017,87
1056,1/30/2017,,87
1057,1/30/2017,,87
1058,1/30/2017,,87
1059,1/30/2017,,87
1060,1/30/2017,3/16/2017,87
1061,1/30/2017,3/28/2017,87
1062,1/30/2017,,30
1063,1/30/2017,,30
1064,1/30/2017,,30
1065,1/30/2017,,30
1066,1/30/2017,,30
1067,1/31/2017,,87
1068,1/31/2017,,87
1069,1/31/2017,,87
1070,1/31/2017,3/5/2017,87
1071,1/31/2017,,87
1072,1/31/2017,,30
1073,1/31/2017,,30
1074,1/31/2017,3/14/2017,30
1075,1/31/2017,,30
1076,1/31/2017,,30
1077,1/31/2017,,30
1078,2/1/2017,,87
1079,2/1/2017,,87
1080,2/1/2017,,87
1081,2/1/2017,,87
1082,2/1/2017,,30
1083,2/1/2017,,30
1084,2/1/2017,,30
1085,2/1/2017,,30
1086,2/1/2017,3/23/2017,30
1087,2/1/2017,,30
1088,2/1/2017,,30
1089,2/1/2017,3/23/2017,30
1090,2/1/2017,,30
1091,2/1/2017,,30
1092,2/2/2017,,87
1093,2/2/2017,3/5/2017,87
1094,2/2/2017,,87
1095,2/2/2017,,87
1096,2/2/2017,,87
1097,2/2/2017,3/15/2017,87
1098,2/2/2017,3/6/2017,87
1099,2/2/2017,,87
1100,2/2/2017,,30
1101,2/2/2017,,30
1102,2/2/2017,,30
1103,2/2/2017,,30
1104,2/2/2017,3/25/2017,30
1105,2/2/2017,,30
1106,2/2/2017,,30
1107,2/2/2017,,30
1108,2/3/2017,3/9/2017,87
1109,2/3/2017,,87
1110,2/3/2017,,87
1111,2/3/2017,3/7/2017,87
1112,2/3/2017,3/10/2017,87
1113,2/3/2017,3/16/2017,87
1114,2/3/2017,3/8/2017,87
1115,2/3/2017,,87
1116,2/3/2017,,87
1117,2/3/2017,,30
1118,2/3/2017,,30
1119,2/3/2017,,30
1120,2/3/2017,,30
1121,2/3/2017,,30
1122,2/3/2017,,30
1123,2/3/2017,,30
1124,2/3/2017,,30
1125,2/4/2017,,87
1126,2/4/2017,3/21/2017,87
1127,2/4/2017,,87
1128,2/4/2017,,87
1129,2/4/2017,3/31/2017,87
1130,2/4/2017,3/26/2017,87
1131,2/4/2017,,87
1132,2/4/2017,,87
1133,2/4/2017,,30
1134,2/4/2017,,30
1135,2/4/2017,,30
1136,2/4/2017,,30
1137,2/4/2017,,30
1138,2/4/2017,,30
1139,2/4/2017,,30
1140,2/5/2017,,87
1141,2/5/2017,,87
1142,2/5/2017,3/30/2017,87
1143,2/5/2017,,87
1144,2/5/2017,,87
1145,2/5/2017,,87
1146,2/5/2017,3/13/2017,30
1147,2/5/2017,,30
1148,2/5/2017,3/29/2017,30
1149,2/5/2017,,30
1150,2/5/2017,,30
1151,2/5/2017,,30
1152,2/6/2017,,87
1153,2/6/2017,,87
1154,2/6/2017,3/18/2017,87
1155,2/6/2017,,87
1156,2/6/2017,3/24/2017,87
1157,2/6/2017,3/30/2017,87
1158,2/6/2017,,87
1159,2/6/2017,,87
1160,2/6/2017,,87
1161,2/6/2017,3/31/2017,87
1162,2/6/2017,,30
1163,2/6/2017,,30
1164,2/6/2017,,30
1165,2/6/2017,,30
1166,2/6/2017,,30
1167,2/6/2017,,30
1168,2/6/2017,,30
1169,2/6/2017,,30
1170,2/7/2017,,87
1171,2/7/2017,,87
1172,2/7/2017,,87
1173,2/7/2017,,87
1174,2/7/2017,,87
1175,2/7/2017,3/28/2017,87
1176,2/7/2017,,87
1177,2/7/2017,,30
1178,2/7/2017,,30
1179,2/7/2017,,30
1180,2/7/2017,,30
1181,2/7/2017,,30
1182,2/7/2017,,30
1183,2/7/2017,,30
1184,2/7/2017,,30
1185,2/7/2017,3/15/2017,30
1186,2/7/2017,3/18/2017,30
1187,2/8/2017,,87
1188,2/8/2017,,87
1189,2/8/2017,,87
1190,2/8/2017,,87
1191,2/8/2017,3/22/2017,87
1192,2/8/2017,,87
1193,2/8/2017,,87
1194,2/8/2017,,87
1195,2/8/2017,,30
1196,2/8/2017,,30
1197,2/8/2017,,30
1198,2/8/2017,,30
1199,2/8/2017,,30
1200,2/8/2017,,30
1201,2/8/2017,,30
1202,2/8/2017,3/28/2017,30
1203,2/8/2017,,30
1204,2/9/2017,,87
1205,2/9/2017,,87
1206,2/9/2017,3/31/2017,87
1207,2/9/2017,3/23/2017,87
1208,2/9/2017,,87
1209,2/9/2017,3/19/2017,87
1210,2/9/2017,3/17/2017,87
1211,2/9/2017,,87
1212,2/9/2017,,30
1213,2/9/2017,,30
1214,2/9/2017,,30
1215,2/9/2017,,30
1216,2/9/2017,,30
1217,2/9/2017,,30
1218,2/9/2017,,30
1219,2/9/2017,,30
1220,2/9/2017,,30
1221,2/9/2017,3/15/2017,30
1222,2/9/2017,,30
1223,2/10/2017,,87
1224,2/10/2017,3/29/2017,87
1225,2/10/2017,,87
1226,2/10/2017,,87
1227,2/10/2017,,87
1228,2/10/2017,3/24/2017,87
1229,2/10/2017,3/22/2017,87
1230,2/10/2017,,30
1231,2/10/2017,,30
1232,2/10/2017,,30
1233,2/10/2017,,30
1234,2/10/2017,,30
1235,2/10/2017,,30
1236,2/10/2017,,30
1237,2/10/2017,,30
1238,2/10/2017,,30
1239,2/10/2017,,30
1240,2/11/2017,,87
1241,2/11/2017,,87
1242,2/11/2017,,87
1243,2/11/2017,,87
1244,2/11/2017,,87
1245,2/11/2017,,87
1246,2/11/2017,3/21/2017,87
1247,2/11/2017,,87
1248,2/11/2017,,87
1249,2/11/2017,,30
1250,2/11/2017,,30
1251,2/11/2017,,30
1252,2/11/2017,,30
1253,2/11/2017,,30
1254,2/11/2017,,30
1255,2/11/2017,,30
1256,2/11/2017,3/23/2017,30
1257,2/11/2017,,30
1258,2/11/2017,,30
1259,2/11/2017,,30
1260,2/12/2017,,87
1261,2/12/2017,,87
1262,2/12/2017,,87
1263,2/12/2017,,87
1264,2/12/2017,3/15/2017,87
1265,2/12/2017,3/25/2017,87
1266,2/12/2017,,87
1267,2/12/2017,,87
1268,2/12/2017,,87
1269,2/12/2017,,30
1270,2/12/2017,,30
1271,2/12/2017,,30
1272,2/12/2017,,30
1273,2/12/2017,,30
1274,2/12/2017,,30
1275,2/12/2017,,30
1276,2/12/2017,,30
1277,2/13/2017,,87
1278,2/13/2017,,87
1279,2/13/2017,,87
1280,2/13/2017,3/30/2017,87
1281,2/13/2017,,30
1282,2/13/2017,,30
1283,2/13/2017,,30
1284,2/13/2017,,30
1285,2/13/2017,,30
1286,2/13/2017,,30
1287,2/13/2017,,30
1288,2/14/2017,,87
1289,2/14/2017,,87
1290,2/14/2017,3/21/2017,87
1291,2/14/2017,3/30/2017,87
1292,2/14/2017,,87
1293,2/14/2017,,87
1294,2/14/2017,,87
1295,2/14/2017,3/31/2017,87
1296,2/14/2017,,30
1297,2/14/2017,,30
1298,2/14/2017,,30
1299,2/14/2017,,30
1300,2/14/2017,,30
1301,2/14/2017,,30
1302,2/14/2017,,30
1303,2/14/2017,,30
1304,2/14/2017,,30
1305,2/15/2017,3/31/2017,87
1306,2/15/2017,3/18/2017,87
1307,2/15/2017,,87
1308,2/15/2017,,87
1309,2/15/2017,,87
1310,2/15/2017,,87
1311,2/15/2017,,30
1312,2/15/2017,,30
1313,2/15/2017,,30
1314,2/15/2017,,30
1315,2/15/2017,,30
1316,2/15/2017,,30
1317,2/15/2017,,30
1318,2/16/2017,,87
1319,2/16/2017,,87
1320,2/16/2017,,87
1321,2/16/2017,,87
1322,2/16/2017,,30
1323,2/16/2017,3/25/2017,30
1324,2/16/2017,3/23/2017,30
1325,2/16/2017,,30
1326,2/16/2017,,30
1327,2/16/2017,3/22/2017,30
1328,2/16/2017,,30
1329,2/16/2017,,30
1330,2/17/2017,,87
1331,2/17/2017,3/26/2017,87
1332,2/17/2017,,87
1333,2/17/2017,,87
1334,2/17/2017,,87
1335,2/17/2017,,87
1336,2/17/2017,,30
1337,2/17/2017,,30
1338,2/17/2017,,30
1339,2/17/2017,,30
1340,2/17/2017,,30
1341,2/17/2017,,30
1342,2/17/2017,,30
1343,2/17/2017,,30
1344,2/17/2017,,30
1345,2/18/2017,,87
1346,2/18/2017,3/24/2017,87
1347,2/18/2017,,87
1348,2/18/2017,3/25/2017,87
1349,2/18/2017,,87
1350,2/18/2017,,30
1351,2/18/2017,,30
1352,2/18/2017,,30
1353,2/18/2017,3/27/2017,30
1354,2/18/2017,,30
1355,2/18/2017,3/31/2017,30
1356,2/18/2017,,30
1357,2/18/2017,,30
1358,2/18/2017,,30
1359,2/18/2017,,30
1360,2/19/2017,,87
1361,2/19/2017,,87
1362,2/19/2017,,87
1363,2/19/2017,,87
1364,2/19/2017,,87
1365,2/19/2017,,87
1366,2/19/2017,,87
1367,2/19/2017,,87
1368,2/19/2017,,87
1369,2/19/2017,,30
1370,2/19/2017,,30
1371,2/19/2017,,30
1372,2/19/2017,,30
1373,2/19/2017,,30
1374,2/19/2017,,30
1375,2/19/2017,,30
1376,2/19/2017,,30
1377,2/19/2017,,30
1378,2/20/2017,,87
1379,2/20/2017,,87
1380,2/20/2017,,87
1381,2/20/2017,3/29/2017,87
1382,2/20/2017,,87
1383,2/20/2017,,87
1384,2/20/2017,,87
1385,2/20/2017,,87
1386,2/20/2017,,87
1387,2/20/2017,,87
1388,2/20/2017,3/27/2017,87
1389,2/20/2017,,87
1390,2/20/2017,,30
1391,2/20/2017,,30
1392,2/20/2017,,30
1393,2/20/2017,,30
1394,2/20/2017,,30
1395,2/20/2017,,30
1396,2/20/2017,,30
1397,2/21/2017,,87
1398,2/21/2017,,87
1399,2/21/2017,,87
1400,2/21/2017,,87
1401,2/21/2017,,87
1402,2/21/2017,,87
1403,2/21/2017,,30
1404,2/21/2017,,30
1405,2/21/2017,,30
1406,2/21/2017,,30
1407,2/21/2017,,30
1408,2/21/2017,,30
1409,2/21/2017,,30
1410,2/21/2017,,30
1411,2/21/2017,,30
1412,2/21/2017,,30
1413,2/22/2017,,87
1414,2/22/2017,,87
1415,2/22/2017,,87
1416,2/22/2017,,87
1417,2/22/2017,,87
1418,2/22/2017,,30
1419,2/22/2017,,30
1420,2/22/2017,,30
1421,2/22/2017,,30
1422,2/23/2017,,87
1423,2/23/2017,,87
1424,2/23/2017,,87
1425,2/23/2017,,87
1426,2/23/2017,,87
1427,2/23/2017,3/31/2017,87
1428,2/23/2017,,87
1429,2/23/2017,,87
1430,2/23/2017,,87
1431,2/23/2017,,87
1432,2/23/2017,,87
1433,2/23/2017,,87
1434,2/23/2017,,87
1435,2/23/2017,,30
1436,2/23/2017,,30
1437,2/23/2017,,30
1438,2/23/2017,,30
1439,2/23/2017,,30
1440,2/23/2017,,30
1441,2/24/2017,,87
1442,2/24/2017,,87
1443,2/24/2017,,87
1444,2/24/2017,,87
1445,2/24/2017,,87
1446,2/24/2017,,87
1447,2/24/2017,,30
1448,2/24/2017,,30
1449,2/24/2017,,30
1450,2/24/2017,,30
1451,2/24/2017,,30
1452,2/24/2017,,30
1453,2/25/2017,,87
1454,2/25/2017,,87
1455,2/25/2017,,87
1456,2/25/2017,,87
1457,2/25/2017,,87
1458,2/25/2017,,87
1459,2/25/2017,,87
1460,2/25/2017,,87
1461,2/25/2017,,87
1462,2/25/2017,,87
1463,2/25/2017,,87
1464,2/25/2017,,30
1465,2/25/2017,,30
1466,2/25/2017,,30
1467,2/25/2017,,30
1468,2/25/2017,,30
1469,2/25/2017,,30
1470,2/25/2017,,30
1471,2/25/2017,,30
1472,2/25/2017,,30
1473,2/26/2017,,87
1474,2/26/2017,3/29/2017,87
1475,2/26/2017,,87
1476,2/26/2017,,87
1477,2/26/2017,,87
1478,2/26/2017,,87
1479,2/26/2017,,87
1480,2/26/2017,,87
1481,2/26/2017,,87
1482,2/26/2017,,30
1483,2/26/2017,,30
1484,2/26/2017,,30
1485,2/26/2017,,30
1486,2/26/2017,,30
1487,2/26/2017,,30
1488,2/26/2017,,30
1489,2/27/2017,,87
1490,2/27/2017,,87
1491,2/27/2017,,87
1492,2/27/2017,,87
1493,2/27/2017,,87
1494,2/27/2017,,87
1495,2/27/2017,,87
1496,2/27/2017,3/30/2017,87
1497,2/27/2017,,87
1498,2/27/2017,,87
1499,2/27/2017,,87
1500,2/27/2017,,30
1501,2/27/2017,,30
1502,2/27/2017,,30
1503,2/27/2017,,30
1504,2/27/2017,,30
1505,2/27/2017,,30
1506,2/27/2017,,30
1507,2/27/2017,,30
1508,2/27/2017,,30
1509,2/27/2017,,30
1510,2/27/2017,,30
1511,2/27/2017,,30
1512,2/27/2017,,30
1513,2/28/2017,,87
1514,2/28/2017,,87
1515,2/28/2017,,87
1516,2/28/2017,,87
1517,2/28/2017,,87
1518,2/28/2017,,87
1519,2/28/2017,,87
1520,2/28/2017,,87
1521,2/28/2017,,87
1522,2/28/2017,,87
1523,2/28/2017,,87
1524,2/28/2017,,87
1525,2/28/2017,,87
1526,2/28/2017,,87
1527,2/28/2017,,30
1528,2/28/2017,,30
1529,2/28/2017,,30
1530,2/28/2017,,30
1531,2/28/2017,,30
1532,2/28/2017,,30
1533,2/28/2017,,30
1534,2/28/2017,,30
1535,2/28/2017,,30
1536,2/28/2017,,30
1537,2/28/2017,,30
1538,3/1/2017,,87
1539,3/1/2017,,87
1540,3/1/2017,,87
1541,3/1/2017,,87
1542,3/1/2017,,87
1543,3/1/2017,,87
1544,3/1/2017,,87
1545,3/1/2017,,87
1546,3/1/2017,,87
1547,3/1/2017,,87
1548,3/1/2017,,87
1549,3/1/2017,,87
1550,3/1/2017,,30
1551,3/1/2017,,30
1552,3/1/2017,,30
1553,3/1/2017,,30
1554,3/1/2017,,30
1555,3/1/2017,,30
1556,3/1/2017,,30
1557,3/1/2017,,30
1558,3/1/2017,,30
1559,3/2/2017,,87
1560,3/2/2017,,87
1561,3/2/2017,,87
1562,3/2/2017,,87
1563,3/2/2017,,87
1564,3/2/2017,,30
1565,3/2/2017,,30
1566,3/2/2017,,30
1567,3/2/2017,,30
1568,3/2/2017,,30
1569,3/3/2017,,87
1570,3/3/2017,,87
1571,3/3/2017,,30
1572,3/3/2017,,30
1573,3/3/2017,,30
1574,3/3/2017,,30
1575,3/3/2017,,30
1576,3/3/2017,,30
1577,3/3/2017,,30
1578,3/3/2017,,30
1579,3/3/2017,,30
1580,3/3/2017,,30
1581,3/3/2017,,30
1582,3/3/2017,,30
1583,3/4/2017,,87
1584,3/4/2017,,87
1585,3/4/2017,,87
1586,3/4/2017,,87
1587,3/4/2017,,87
1588,3/4/2017,,87
1589,3/4/2017,,30
1590,3/4/2017,,30
1591,3/4/2017,,30
1592,3/4/2017,,30
1593,3/4/2017,,30
1594,3/4/2017,,30
1595,3/4/2017,,30
1596,3/4/2017,,30
1597,3/4/2017,,30
1598,3/4/2017,,30
1599,3/5/2017,,87
1600,3/5/2017,,87
1601,3/5/2017,,87
1602,3/5/2017,,87
1603,3/5/2017,,87
1604,3/5/2017,,30
1605,3/5/2017,,30
1606,3/5/2017,,30
1607,3/5/2017,,30
1608,3/5/2017,,30
1609,3/5/2017,,30
1610,3/6/2017,,87
1611,3/6/2017,,87
1612,3/6/2017,,87
1613,3/6/2017,,87
1614,3/6/2017,,87
1615,3/6/2017,,30
1616,3/6/2017,,30
1617,3/6/2017,,30
1618,3/6/2017,,30
1619,3/6/2017,,30
1620,3/6/2017,,30
1621,3/6/2017,,30
1622,3/6/2017,,30
1623,3/6/2017,,30
1624,3/6/2017,,30
1625,3/7/2017,,87
1626,3/7/2017,,87
1627,3/7/2017,,87
1628,3/7/2017,,87
1629,3/7/2017,,87
1630,3/7/2017,,87
1631,3/7/2017,,87
1632,3/7/2017,,87
1633,3/7/2017,,87
1634,3/7/2017,,30
1635,3/7/2017,,30
1636,3/7/2017,,30
1637,3/7/2017,,30
1638,3/7/2017,,30
1639,3/7/2017,,30
1640,3/7/2017,,30
1641,3/7/2017,,30
1642,3/8/2017,,87
1643,3/8/2017,,87
1644,3/8/2017,,87
1645,3/8/2017,,87
1646,3/8/2017,,87
1647,3/8/2017,,87
1648,3/8/2017,,87
1649,3/8/2017,,87
1650,3/8/2017,,87
1651,3/8/2017,,30
1652,3/8/2017,,30
1653,3/8/2017,,30
1654,3/8/2017,,30
1655,3/8/2017,,30
1656,3/8/2017,,30
1657,3/9/2017,,87
1658,3/9/2017,,87
1659,3/9/2017,,87
1660,3/9/2017,,87
1661,3/9/2017,,87
1662,3/9/2017,,87
1663,3/9/2017,,87
1664,3/9/2017,,87
1665,3/9/2017,,87
1666,3/9/2017,,87
1667,3/9/2017,,87
1668,3/9/2017,,87
1669,3/9/2017,,87
1670,3/9/2017,,30
1671,3/9/2017,,30
1672,3/9/2017,,30
1673,3/9/2017,,30
1674,3/9/2017,,30
1675,3/9/2017,,30
1676,3/9/2017,,30
1677,3/9/2017,,30
1678,3/10/2017,,87
1679,3/10/2017,,87
1680,3/10/2017,,87
1681,3/10/2017,,87
1682,3/10/2017,,87
1683,3/10/2017,,87
1684,3/10/2017,,87
1685,3/10/2017,,87
1686,3/10/2017,,30
1687,3/10/2017,,30
1688,3/10/2017,,30
1689,3/10/2017,,30
1690,3/10/2017,,30
1691,3/10/2017,,30
1692,3/10/2017,,30
1693,3/10/2017,,30
1694,3/11/2017,,87
1695,3/11/2017,,87
1696,3/11/2017,,87
1697,3/11/2017,,87
1698,3/11/2017,,87
1699,3/11/2017,,87
1700,3/11/2017,,87
1701,3/11/2017,,30
1702,3/11/2017,,30
1703,3/11/2017,,30
1704,3/11/2017,,30
1705,3/12/2017,,87
1706,3/12/2017,,87
1707,3/12/2017,,87
1708,3/12/2017,,87
1709,3/12/2017,,87
1710,3/12/2017,,87
1711,3/12/2017,,87
1712,3/12/2017,,87
1713,3/12/2017,,87
1714,3/12/2017,,87
1715,3/12/2017,,30
1716,3/12/2017,,30
1717,3/12/2017,,30
1718,3/12/2017,,30
1719,3/12/2017,,30
1720,3/12/2017,,30
1721,3/12/2017,,30
1722,3/13/2017,,87
1723,3/13/2017,,87
1724,3/13/2017,,87
1725,3/13/2017,,87
1726,3/13/2017,,87
1727,3/13/2017,,30
1728,3/13/2017,,30
1729,3/13/2017,,30
1730,3/13/2017,,30
1731,3/13/2017,,30
1732,3/13/2017,,30
1733,3/13/2017,,30
1734,3/13/2017,,30
1735,3/13/2017,,30
1736,3/13/2017,,30
1737,3/13/2017,,30
1738,3/13/2017,,30
1739,3/14/2017,,87
1740,3/14/2017,,87
1741,3/14/2017,,87
1742,3/14/2017,,87
1743,3/14/2017,,87
1744,3/14/2017,,87
1745,3/14/2017,,87
1746,3/14/2017,,87
1747,3/14/2017,,30
1748,3/14/2017,,30
1749,3/14/2017,,30
1750,3/14/2017,,30
1751,3/14/2017,,30
1752,3/14/2017,,30
1753,3/14/2017,,30
1754,3/14/2017,,30
1755,3/14/2017,,30
1756,3/14/2017,,30
1757,3/14/2017,,30
1758,3/14/2017,,30
1759,3/15/2017,,87
1760,3/15/2017,,87
1761,3/15/2017,,87
1762,3/15/2017,,87
1763,3/15/2017,,87
1764,3/15/2017,,87
1765,3/15/2017,,87
1766,3/15/2017,,87
1767,3/15/2017,,87
1768,3/15/2017,,87
1769,3/15/2017,,87
1770,3/15/2017,,30
1771,3/15/2017,,30
1772,3/15/2017,,30
1773,3/15/2017,,30
1774,3/15/2017,,30
1775,3/15/2017,,30
1776,3/16/2017,,87
1777,3/16/2017,,87
1778,3/16/2017,,87
1779,3/16/2017,,87
1780,3/16/2017,,30
1781,3/16/2017,,30
1782,3/16/2017,,30
1783,3/16/2017,,30
1784,3/16/2017,,30
1785,3/16/2017,,30
1786,3/16/2017,,30
1787,3/16/2017,,30
1788,3/16/2017,,30
1789,3/16/2017,,30
1790,3/16/2017,,30
1791,3/16/2017,,30
1792,3/16/2017,,30
1793,3/17/2017,,87
1794,3/17/2017,,87
1795,3/17/2017,,87
1796,3/17/2017,,87
1797,3/17/2017,,87
1798,3/17/2017,,87
1799,3/17/2017,,87
1800,3/17/2017,,87
1801,3/17/2017,,87
1802,3/17/2017,,87
1803,3/17/2017,,87
1804,3/17/2017,,87
1805,3/17/2017,,87
1806,3/17/2017,,30
1807,3/17/2017,,30
1808,3/17/2017,,30
1809,3/17/2017,,30
1810,3/17/2017,,30
1811,3/17/2017,,30
1812,3/18/2017,,87
1813,3/18/2017,,87
1814,3/18/2017,,87
1815,3/18/2017,,87
1816,3/18/2017,,87
1817,3/18/2017,,87
1818,3/18/2017,,87
1819,3/18/2017,,87
1820,3/18/2017,,87
1821,3/18/2017,,30
1822,3/18/2017,,30
1823,3/18/2017,,30
1824,3/18/2017,,30
1825,3/18/2017,,30
1826,3/18/2017,,30
1827,3/18/2017,,30
1828,3/18/2017,,30
1829,3/19/2017,,87
1830,3/19/2017,,87
1831,3/19/2017,,87
1832,3/19/2017,,87
1833,3/19/2017,,87
1834,3/19/2017,,87
1835,3/19/2017,,87
1836,3/19/2017,,87
1837,3/19/2017,,30
1838,3/19/2017,,30
1839,3/19/2017,,30
1840,3/20/2017,,87
1841,3/20/2017,,87
1842,3/20/2017,,87
1843,3/20/2017,,87
1844,3/20/2017,,87
1845,3/20/2017,,87
1846,3/20/2017,,87
1847,3/20/2017,,87
1848,3/20/2017,,87
1849,3/20/2017,,87
1850,3/20/2017,,87
1851,3/20/2017,,87
1852,3/20/2017,,87
1853,3/20/2017,,87
1854,3/20/2017,,87
1855,3/20/2017,,87
1856,3/20/2017,,30
1857,3/20/2017,,30
1858,3/20/2017,,30
1859,3/20/2017,,30
1860,3/20/2017,,30
1861,3/20/2017,,30
1862,3/20/2017,,30
1863,3/21/2017,,87
1864,3/21/2017,,87
1865,3/21/2017,,87
1866,3/21/2017,,87
1867,3/21/2017,,87
1868,3/21/2017,,87
1869,3/21/2017,,87
1870,3/21/2017,,87
1871,3/21/2017,,87
1872,3/21/2017,,30
1873,3/21/2017,,30
1874,3/21/2017,,30
1875,3/21/2017,,30
1876,3/21/2017,,30
1877,3/21/2017,,30
1878,3/21/2017,,30
1879,3/21/2017,,30
1880,3/22/2017,,87
1881,3/22/2017,,87
1882,3/22/2017,,87
1883,3/22/2017,,87
1884,3/22/2017,,87
1885,3/22/2017,,87
1886,3/22/2017,,87
1887,3/22/2017,,87
1888,3/22/2017,,30
1889,3/22/2017,,30
1890,3/22/2017,,30
1891,3/22/2017,,30
1892,3/22/2017,,30
1893,3/22/2017,,30
1894,3/22/2017,,30
1895,3/22/2017,,30
1896,3/23/2017,,87
1897,3/23/2017,,87
1898,3/23/2017,,87
1899,3/23/2017,,87
1900,3/23/2017,,87
1901,3/23/2017,,87
1902,3/23/2017,,87
1903,3/23/2017,,87
1904,3/23/2017,,30
1905,3/23/2017,,30
1906,3/23/2017,,30
1907,3/24/2017,,87
1908,3/24/2017,,87
1909,3/24/2017,,87
1910,3/24/2017,,87
1911,3/24/2017,,87
1912,3/24/2017,,87
1913,3/24/2017,,30
1914,3/24/2017,,30
1915,3/24/2017,,30
1916,3/25/2017,,87
1917,3/25/2017,,87
1918,3/25/2017,,87
1919,3/25/2017,,87
1920,3/25/2017,,87
1921,3/25/2017,,87
1922,3/25/2017,,30
1923,3/25/2017,,30
1924,3/25/2017,,30
1925,3/25/2017,,30
1926,3/25/2017,,30
1927,3/25/2017,,30
1928,3/26/2017,,87
1929,3/26/2017,,87
1930,3/26/2017,,87
1931,3/26/2017,,87
1932,3/26/2017,,87
1933,3/26/2017,,87
1934,3/26/2017,,87
1935,3/26/2017,,87
1936,3/26/2017,,87
1937,3/26/2017,,87
1938,3/26/2017,,87
1939,3/26/2017,,30
1940,3/26/2017,,30
1941,3/26/2017,,30
1942,3/26/2017,,30
1943,3/27/2017,,87
1944,3/27/2017,,87
1945,3/27/2017,,87
1946,3/27/2017,,87
1947,3/27/2017,,87
1948,3/27/2017,,87
1949,3/27/2017,,87
1950,3/27/2017,,87
1951,3/27/2017,,30
1952,3/27/2017,,30
1953,3/27/2017,,30
1954,3/27/2017,,30
1955,3/27/2017,,30
1956,3/27/2017,,30
1957,3/27/2017,,30
1958,3/27/2017,,30
1959,3/27/2017,,30
1960,3/27/2017,,30
1961,3/27/2017,,30
1962,3/28/2017,,87
1963,3/28/2017,,87
1964,3/28/2017,,87
1965,3/28/2017,,87
1966,3/28/2017,,87
1967,3/28/2017,,87
1968,3/28/2017,,87
1969,3/28/2017,,87
1970,3/28/2017,,87
1971,3/28/2017,,30
1972,3/28/2017,,30
1973,3/28/2017,,30
1974,3/28/2017,,30
1975,3/28/2017,,30
1976,3/28/2017,,30
1977,3/29/2017,,87
1978,3/29/2017,,87
1979,3/29/2017,,87
1980,3/29/2017,,87
1981,3/29/2017,,87
1982,3/29/2017,,87
1983,3/29/2017,,87
1984,3/29/2017,,30
1985,3/29/2017,,30
1986,3/29/2017,,30
1987,3/29/2017,,30
1988,3/29/2017,,30
1989,3/29/2017,,30
1990,3/29/2017,,30
1991,3/30/2017,,87
1992,3/30/2017,,87
1993,3/30/2017,,87
1994,3/30/2017,,87
1995,3/30/2017,,30
1996,3/30/2017,,30
1997,3/30/2017,,30
1998,3/30/2017,,30
1999,3/30/2017,,30
2000,3/30/2017,,30
